GROUP,PACKAGE,CLASS,INSTRUCTION_MISSED,INSTRUCTION_COVERED,BRANCH_MISSED,BRANCH_COVERED,LINE_MISSED,LINE_COVERED,COMPLEXITY_MISSED,COMPLEXITY_COVERED,METHOD_MISSED,METHOD_COVERED
QuckApp Auth Service,com.quckapp.auth.security.jwt,JwtService,348,0,6,0,75,0,30,0,27,0
QuckApp Auth Service,com.quckapp.auth,AuthServiceApplication,8,0,0,0,3,0,2,0,2,0
QuckApp Auth Service,com.quckapp.auth.domain.repository,LoginHistoryRepository,17,0,2,0,2,0,2,0,1,0
QuckApp Auth Service,com.quckapp.auth.dto,SessionDtos,3,0,0,0,1,0,1,0,1,0
QuckApp Auth Service,com.quckapp.auth.dto,UserPreferencesDtos,3,0,0,0,1,0,1,0,1,0
QuckApp Auth Service,com.quckapp.auth.dto,LoginHistoryDtos.LoginHistoryDto,0,75,0,2,0,24,0,2,0,1
QuckApp Auth Service,com.quckapp.auth.dto,RbacDtos,3,0,0,0,1,0,1,0,1,0
QuckApp Auth Service,com.quckapp.auth.dto,UserProfileDtos.LinkedDeviceDto,28,0,2,0,10,0,2,0,1,0
QuckApp Auth Service,com.quckapp.auth.dto,LoginHistoryDtos.LoginAnomalyDto,4,39,1,1,0,13,1,1,0,1
QuckApp Auth Service,com.quckapp.auth.dto,LoginHistoryDtos,3,0,0,0,1,0,1,0,1,0
QuckApp Auth Service,com.quckapp.auth.dto,UserPreferencesDtos.SecurityPreferencesDto,52,0,0,0,18,0,1,0,1,0
QuckApp Auth Service,com.quckapp.auth.dto,OtpResponse,0,57,0,0,0,29,0,5,0,5
QuckApp Auth Service,com.quckapp.auth.dto,UserPreferencesDtos.NotificationPreferencesDto,67,0,0,0,23,0,1,0,1,0
QuckApp Auth Service,com.quckapp.auth.dto,RbacDtos.RoleWithPermissionsDto,40,0,0,0,13,0,2,0,2,0
QuckApp Auth Service,com.quckapp.auth.dto,RbacDtos.UserRoleDto,31,0,0,0,10,0,1,0,1,0
QuckApp Auth Service,com.quckapp.auth.dto,RbacDtos.RoleDto,27,0,0,0,10,0,1,0,1,0
QuckApp Auth Service,com.quckapp.auth.dto,UserProfileDtos.UserProfileDto,3,73,2,2,0,24,2,1,0,1
QuckApp Auth Service,com.quckapp.auth.dto,RbacDtos.PermissionDto,24,0,0,0,9,0,1,0,1,0
QuckApp Auth Service,com.quckapp.auth.dto,UserProfileDtos,3,0,0,0,1,0,1,0,1,0
QuckApp Auth Service,com.quckapp.auth.dto,SessionDtos.SessionActivityDto,0,25,0,0,0,9,0,1,0,1
QuckApp Auth Service,com.quckapp.auth.dto,SessionDtos.ActiveSessionDto,0,68,0,0,0,24,0,2,0,2
QuckApp Auth Service,com.quckapp.auth.dto,UserProfileDtos.UserSettingsDto,70,0,2,0,24,0,2,0,1,0
QuckApp Auth Service,com.quckapp.auth.dto,UserProfileDtos.UserProfileSummaryDto,3,34,2,2,0,11,2,1,0,1
QuckApp Auth Service,com.quckapp.auth.dto,UserPreferencesDtos.TrustedDeviceDto,37,0,0,0,13,0,1,0,1,0
QuckApp Auth Service,com.quckapp.auth.config,SecurityConfig,140,0,0,0,21,0,9,0,9,0
QuckApp Auth Service,com.quckapp.auth.domain.entity,UserSettings,35,43,8,0,8,21,7,1,3,1
QuckApp Auth Service,com.quckapp.auth.domain.entity,LinkedDevice,30,0,4,0,11,0,5,0,3,0
QuckApp Auth Service,com.quckapp.auth.domain.entity,AnomalyType,0,111,0,0,0,19,0,1,0,1
QuckApp Auth Service,com.quckapp.auth.domain.entity,RefreshToken,10,15,4,0,1,5,3,2,1,2
QuckApp Auth Service,com.quckapp.auth.domain.entity,DeviceType,32,0,2,0,9,0,3,0,2,0
QuckApp Auth Service,com.quckapp.auth.domain.entity,UserRole,31,27,10,0,7,5,8,1,3,1
QuckApp Auth Service,com.quckapp.auth.domain.entity,Permission,6,0,0,0,1,0,1,0,1,0
QuckApp Auth Service,com.quckapp.auth.domain.entity,UserNotificationPreferences,45,0,16,0,5,0,9,0,1,0
QuckApp Auth Service,com.quckapp.auth.domain.entity,TrustedDevice,30,0,8,0,6,0,8,0,4,0
QuckApp Auth Service,com.quckapp.auth.domain.entity,UserStatus,11,27,2,0,5,5,2,1,1,1
QuckApp Auth Service,com.quckapp.auth.domain.entity,Role,40,0,0,0,11,0,5,0,5,0
QuckApp Auth Service,com.quckapp.auth.domain.entity,ApiKey,55,0,12,0,10,0,10,0,4,0
QuckApp Auth Service,com.quckapp.auth.domain.entity,VisibilityLevel,11,21,2,0,5,4,2,1,1,1
QuckApp Auth Service,com.quckapp.auth.domain.entity,SessionActivityType,0,87,0,0,0,15,0,1,0,1
QuckApp Auth Service,com.quckapp.auth.domain.entity,LoginStatus,0,75,0,0,0,13,0,1,0,1
QuckApp Auth Service,com.quckapp.auth.domain.entity,PhoneOtp,15,14,4,0,2,5,4,2,2,2
QuckApp Auth Service,com.quckapp.auth.domain.entity,OAuthConnection.OAuthProvider,0,33,0,0,0,6,0,1,0,1
QuckApp Auth Service,com.quckapp.auth.domain.entity,LoginMethod,0,87,0,0,0,15,0,1,0,1
QuckApp Auth Service,com.quckapp.auth.domain.entity,UserProfile,65,13,12,0,16,5,13,1,7,1
QuckApp Auth Service,com.quckapp.auth.domain.entity,AnomalySeverity,0,27,0,0,0,5,0,1,0,1
QuckApp Auth Service,com.quckapp.auth.domain.entity,UserRoleAssignment,22,0,8,0,2,0,6,0,2,0
QuckApp Auth Service,com.quckapp.auth.domain.entity,AuthUser,11,26,5,3,1,6,4,4,1,3
QuckApp Auth Service,com.quckapp.auth.domain.entity,LoginAnomaly,8,13,2,0,1,5,2,1,1,1
QuckApp Auth Service,com.quckapp.auth.domain.entity,ActiveSession,24,18,2,2,11,4,4,3,2,3
QuckApp Auth Service,com.quckapp.auth.domain.entity,AuthUser.AuthStatus,0,27,0,0,0,5,0,1,0,1
QuckApp Auth Service,com.quckapp.auth.domain.entity,UserSecurityPreferences,37,0,8,0,7,0,6,0,2,0
QuckApp Auth Service,com.quckapp.auth.domain.entity,LoginHistory,25,0,10,0,2,0,7,0,2,0
QuckApp Auth Service,com.quckapp.auth.domain.entity,ApiKey.ApiPermission,45,0,0,0,8,0,1,0,1,0
QuckApp Auth Service,com.quckapp.auth.service,PermissionService,256,0,10,0,64,0,21,0,16,0
QuckApp Auth Service,com.quckapp.auth.service,RoleService,548,0,32,0,132,0,44,0,28,0
QuckApp Auth Service,com.quckapp.auth.service,LinkedDeviceService,328,0,26,0,70,0,30,0,17,0
QuckApp Auth Service,com.quckapp.auth.service,TokenBlacklistService,7,173,2,26,1,53,2,22,0,10
QuckApp Auth Service,com.quckapp.auth.service,UserPreferencesService,851,0,82,0,178,0,82,0,37,0
QuckApp Auth Service,com.quckapp.auth.service,SessionManagementService,8,517,3,7,2,135,4,32,1,30
QuckApp Auth Service,com.quckapp.auth.service,UserProfileService,41,530,11,27,4,139,11,40,3,29
QuckApp Auth Service,com.quckapp.auth.service,UserSettingsService,346,0,48,0,79,0,39,0,15,0
QuckApp Auth Service,com.quckapp.auth.service,PhoneOtpService,16,589,6,40,2,153,6,29,0,12
QuckApp Auth Service,com.quckapp.auth.service,StringRedisAdapter,30,0,0,0,7,0,4,0,4,0
QuckApp Auth Service,com.quckapp.auth.service,MigrationService,650,0,38,0,169,0,29,0,10,0
QuckApp Auth Service,com.quckapp.auth.service,LoginHistoryService,400,538,15,21,84,135,34,30,21,25
QuckApp Auth Service,com.quckapp.auth.kafka,UserEventPublisher,646,0,12,0,122,0,22,0,16,0
QuckApp Auth Service,com.quckapp.auth.service.impl,KafkaSmsService.GenericSmsEvent,18,0,0,0,1,0,1,0,1,0
QuckApp Auth Service,com.quckapp.auth.service.impl,TwoFactorServiceImpl,3,291,1,21,2,72,1,20,0,10
QuckApp Auth Service,com.quckapp.auth.service.impl,KafkaSmsService,130,0,8,0,35,0,10,0,6,0
QuckApp Auth Service,com.quckapp.auth.service.impl,AuthServiceImpl,143,1362,24,62,35,372,30,52,8,31
QuckApp Auth Service,com.quckapp.auth.security.oauth2,CustomOidcUser,45,0,0,0,13,0,9,0,9,0
QuckApp Auth Service,com.quckapp.auth.security.oauth2,OAuth2AuthenticationSuccessHandler,347,0,28,0,83,0,24,0,10,0
QuckApp Auth Service,com.quckapp.auth.security.oauth2,GoogleOAuth2UserInfo,28,0,0,0,6,0,5,0,5,0
QuckApp Auth Service,com.quckapp.auth.security.oauth2,OAuth2UserInfo,45,0,5,0,10,0,7,0,3,0
QuckApp Auth Service,com.quckapp.auth.security.oauth2,CustomOAuth2UserService,241,0,8,0,63,0,10,0,6,0
QuckApp Auth Service,com.quckapp.auth.security.oauth2,AppleOAuth2UserInfo,53,0,6,0,12,0,8,0,5,0
QuckApp Auth Service,com.quckapp.auth.security.oauth2,FacebookOAuth2UserInfo,49,0,4,0,11,0,7,0,5,0
QuckApp Auth Service,com.quckapp.auth.security.oauth2,OAuth2UserPrincipal,69,0,0,0,24,0,11,0,11,0
QuckApp Auth Service,com.quckapp.auth.security.oauth2,OAuth2Config,26,0,0,0,8,0,1,0,1,0
QuckApp Auth Service,com.quckapp.auth.security.oauth2,OAuth2AuthenticationFailureHandler,127,0,14,0,29,0,12,0,5,0
QuckApp Auth Service,com.quckapp.auth.security.oauth2,CustomOidcUserService,243,0,8,0,65,0,10,0,6,0
QuckApp Auth Service,com.quckapp.auth.security.oauth2,GithubOAuth2UserInfo,28,0,0,0,6,0,5,0,5,0
QuckApp Auth Service,com.quckapp.auth.security.oauth2,HttpCookieOAuth2AuthorizationRequestRepository,190,0,20,0,46,0,20,0,10,0
QuckApp Auth Service,com.quckapp.auth.security.ratelimit,RateLimitExceededException,0,52,0,0,0,11,0,6,0,6
QuckApp Auth Service,com.quckapp.auth.security.ratelimit,RateLimitExceptionHandler,0,88,0,2,0,14,0,4,0,3
QuckApp Auth Service,com.quckapp.auth.security.ratelimit,RateLimit.KeyType,0,39,0,0,0,7,0,1,0,1
QuckApp Auth Service,com.quckapp.auth.security.ratelimit,RateLimitConfig.EndpointLimit,3,0,0,0,1,0,1,0,1,0
QuckApp Auth Service,com.quckapp.auth.security.ratelimit,RateLimitResult,0,82,0,4,0,17,0,8,0,6
QuckApp Auth Service,com.quckapp.auth.security.ratelimit,RateLimitService,400,0,28,0,81,0,27,0,13,0
QuckApp Auth Service,com.quckapp.auth.security.ratelimit,RateLimitConfig,0,26,0,0,0,6,0,1,0,1
QuckApp Auth Service,com.quckapp.auth.security.ratelimit,RateLimitAspect,50,260,17,38,14,65,16,22,0,8
QuckApp Auth Service,com.quckapp.auth.security.ratelimit,RateLimitConfig.IpRateLimit,0,15,0,0,0,5,0,1,0,1
QuckApp Auth Service,com.quckapp.auth.security.ratelimit,RateLimitConfig.ApiRateLimit,0,12,0,0,0,4,0,1,0,1
QuckApp Auth Service,com.quckapp.auth.security.ratelimit,RateLimitConfig.LoginRateLimit,0,12,0,0,0,4,0,1,0,1
QuckApp Auth Service,com.quckapp.auth.security.ratelimit,RateLimitFilter,0,174,1,17,0,40,1,14,0,6
QuckApp Auth Service,com.quckapp.auth.controller,MigrationController,68,0,0,0,14,0,5,0,5,0
QuckApp Auth Service,com.quckapp.auth.controller,AuthController,0,348,3,13,0,62,3,30,0,25
QuckApp Auth Service,com.quckapp.auth.controller,UserProfileController,240,0,0,0,50,0,29,0,29,0
QuckApp Auth Service,com.quckapp.auth.controller,OAuth2Controller,104,0,4,0,40,0,6,0,4,0
QuckApp Auth Service,com.quckapp.auth.controller,PhoneAuthController,153,0,14,0,31,0,13,0,6,0
QuckApp Auth Service,com.quckapp.auth.audit,AuditLog.AuditStatus,21,0,0,0,4,0,1,0,1,0
QuckApp Auth Service,com.quckapp.auth.audit,AuditLog.AuditEventType,171,0,0,0,29,0,1,0,1,0
